ID;MODEL;COEFF_1;COEFF_2
0;3DK;-0.1205219;1.91378511
1;12 x 56T1810GG;-0.0613455;1.53657579
2;4DK;-0.0760511;1.5179222